product_id,name,brand,category,category_id,price_current,price_ratio,image_url,url
209527222,ASOS DESIGN cotton wide leg pants in brown - part of a set,ASOS DESIGN,Women's Pants,2640,39.99,,https://images.asos-media.com/products/asos-design-cotton-wide-leg-pants-in-brown-part-of-a-set/209527222-1-brown,https://www.asos.comasos-design/asos-design-cotton-wide-leg-pants-in-brown-part-of-a-set/prd/209527222#colourWayId-209527226
207950082,adidas Originals Samba JP sneakers in black and white,adidas Originals,Men's Shoes,4209,100.0,,https://images.asos-media.com/products/adidas-originals-samba-jp-sneakers-in-black-and-white/207950082-1-black,https://www.asos.comadidas-originals/adidas-originals-samba-jp-sneakers-in-black-and-white/prd/207950082#colourWayId-207950083
209272998,AllSaints Vinni loafers in black,AllSaints,Men's Shoes,4209,309.0,,https://images.asos-media.com/products/allsaints-vinni-loafers-in-black/209272998-1-black,https://www.asos.comallsaints/allsaints-vinni-loafers-in-black/prd/209272998#colourWayId-209273010
209281412,Nobody's Child scoop neck long sleeve mini dress in black,Nobody's Child,Women's Dresses,8799,130.0,,https://images.asos-media.com/products/nobodys-child-scoop-neck-long-sleeve-mini-dress-in-black/209281412-1-black,https://www.asos.comnobodys-child/nobodys-child-scoop-neck-long-sleeve-mini-dress-in-black/prd/209281412#colourWayId-209281420
209205196,Topshop deep plunge ruffle maxi gown in red,Topshop,Women's Dresses,8799,149.0,,https://images.asos-media.com/products/topshop-deep-plunge-ruffle-maxi-gown-in-red/209205196-1-red,https://www.asos.comtopshop/topshop-deep-plunge-ruffle-maxi-gown-in-red/prd/209205196#colourWayId-209205206
208815049,ONLY Maternity wide leg jersey pants in black,Only Maternity,Women's Pants,2640,61.0,,https://images.asos-media.com/products/only-maternity-wide-leg-jersey-pants-in-black/208815049-1-black,https://www.asos.comonly-maternity/only-maternity-wide-leg-jersey-pants-in-black/prd/208815049#colourWayId-208815051
208057246,Topshop vintage wash faux shearling aviator bomber jacket in black,Topshop,Women's Coats and Jackets,2641,159.0,,https://images.asos-media.com/products/topshop-vintage-wash-faux-shearling-aviator-bomber-jacket-in-black/208057246-1-black,https://www.asos.comtopshop/topshop-vintage-wash-faux-shearling-aviator-bomber-jacket-in-black/prd/208057246#colourWayId-208057247
209277634,Adore Me Elle swimwear bra in dark red,Adore Me,Women's Swimwear and Beachwear,2238,34.95,,https://images.asos-media.com/products/adore-me-elle-swimwear-bra-in-dark-red/209277634-1-darkred,https://www.asos.comadore-me/adore-me-elle-swimwear-bra-in-dark-red/prd/209277634#colourWayId-209277635
209278687,Adore Me Tatiana swimwear bikini bra in black,Adore Me,Women's Swimwear and Beachwear,2238,44.95,,https://images.asos-media.com/products/adore-me-tatiana-swimwear-bikini-bra-in-black/209278687-1-black,https://www.asos.comadore-me/adore-me-tatiana-swimwear-bikini-bra-in-black/prd/209278687#colourWayId-209278709
209018019,Abercrombie & Fitch mid length contrast collar waxed barn jacket in burgundy,Abercrombie & Fitch,Women's Coats and Jackets,2641,150.0,,https://images.asos-media.com/products/abercrombie-fitch-mid-length-contrast-collar-waxed-barn-jacket-in-burgundy/209018019-1-burgundy,https://www.asos.comabercrombie-fitch/abercrombie-fitch-mid-length-contrast-collar-waxed-barn-jacket-in-burgundy/prd/209018019#colourWayId-209018027
209445940,Topshop denim balloon sleeves jacket in indigo stripes,Topshop,Women's Coats and Jackets,2641,100.0,,https://images.asos-media.com/products/topshop-denim-balloon-sleeves-jacket-in-indigo-stripes/209445940-1-indigo,https://www.asos.comtopshop/topshop-denim-balloon-sleeves-jacket-in-indigo-stripes/prd/209445940#colourWayId-209445948
207695449,ASOS DESIGN Maya mix and match set in white,ASOS DESIGN,Women's Swimwear and Beachwear,2238,38.98,0.9069334574220568,https://images.asos-media.com/products/asos-design-maya-mix-and-match-set-in-white/206803320-2,https://www.asos.comasos-design/asos-design-maya-mix-and-match-set-in-white/grp/207695449#colourWayId-206803322
209225972,Adore Me Marseille swimwear bikini bottoms in animal brown,Adore Me,Women's Swimwear and Beachwear,2238,14.95,,https://images.asos-media.com/products/adore-me-marseille-swimwear-bikini-bottoms-in-animal-brown/209225972-1-animalbrown,https://www.asos.comadore-me/adore-me-marseille-swimwear-bikini-bottoms-in-animal-brown/prd/209225972#colourWayId-209225997
208810050,ASOS DESIGN denim funnel neck jacket in gray - part of a set,ASOS DESIGN,Women's Coats and Jackets,2641,79.99,,https://images.asos-media.com/products/asos-design-denim-funnel-neck-jacket-in-gray-part-of-a-set/208810050-1-grey,https://www.asos.comasos-design/asos-design-denim-funnel-neck-jacket-in-gray-part-of-a-set/prd/208810050#colourWayId-208810059
208633386,ASOS DESIGN Shay polka dot underwire balconette bra in chocolate & cream,ASOS DESIGN,Women's Swimwear and Beachwear,2238,27.99,,https://images.asos-media.com/products/asos-design-shay-polka-dot-underwire-balconette-bra-in-chocolate-cream/208633386-1-choc,https://www.asos.comasos-design/asos-design-shay-polka-dot-lingerie-set-in-chocolate-cream/grp/209555913#colourWayId-208633394&productId-208633386
209279605,Adore Me Bailee swimwear bikini bottom in dark blue,Adore Me,Women's Swimwear and Beachwear,2238,14.95,,https://images.asos-media.com/products/adore-me-bailee-swimwear-bikini-bottom-in-dark-blue/209279605-1-darkblue,https://www.asos.comadore-me/adore-me-bailee-swimwear-bikini-bottom-in-dark-blue/prd/209279605#colourWayId-209279606
208613976,Noisy May Curve faux leather jacket in black,Noisy May Curve,Women's Coats and Jackets,2641,81.0,,https://images.asos-media.com/products/noisy-may-curve-faux-leather-jacket-in-black/208613976-1-black,https://www.asos.comnoisy-may-curve/noisy-may-curve-faux-leather-jacket-in-black/prd/208613976#colourWayId-208613984
209006193,Pieces diamante cowl neck cami mini dress in black,Pieces,Women's Dresses,8799,54.0,,https://images.asos-media.com/products/pieces-diamante-cowl-neck-cami-mini-dress-in-black/209006193-1-black,https://www.asos.compieces/pieces-diamante-cowl-neck-cami-mini-dress-in-black/prd/209006193#colourWayId-209006196
208710560,ASOS LUXE wide leg pants in stone - part of a set,ASOS LUXE,Women's Pants,2640,109.0,,https://images.asos-media.com/products/asos-luxe-wide-leg-pants-in-stone-part-of-a-set/208710560-1-stone,https://www.asos.comasos-luxe/asos-luxe-wide-leg-pants-in-stone-part-of-a-set/prd/208710560#colourWayId-208710593
208549738,Topshop faux suede bomber jacket with snap details in chocolate,Topshop,Women's Coats and Jackets,2641,139.0,,https://images.asos-media.com/products/topshop-faux-suede-bomber-jacket-with-snap-details-in-chocolate/208549738-1-choc,https://www.asos.comtopshop/topshop-faux-suede-bomber-jacket-with-snap-details-in-chocolate/prd/208549738#colourWayId-208549749
209084518,ASOS DESIGN ribbed drape maxi dress in charcoal,ASOS DESIGN,Women's Dresses,8799,64.99,,https://images.asos-media.com/products/asos-design-ribbed-drape-maxi-dress-in-charcoal/209084518-1-charcoal,https://www.asos.comasos-design/asos-design-ribbed-drape-maxi-dress-in-charcoal/prd/209084518#colourWayId-209084519
207950103,adidas Originals Italia 70s sneakers in white and dark green,adidas Originals,Men's Shoes,4209,110.0,,https://images.asos-media.com/products/adidas-originals-italia-70s-sneakers-in-white-and-dark-green/207950103-1-white,https://www.asos.comadidas-originals/adidas-originals-italia-70s-sneakers-in-white-and-dark-green/prd/207950103#colourWayId-207950104
209372266,Weekday boat neck long sleeve mini dress in dark gray - exclusive to ASOS,Weekday,Women's Dresses,8799,68.0,,https://images.asos-media.com/products/weekday-boat-neck-long-sleeve-mini-dress-in-dark-gray-exclusive-to-asos/209372266-1-darkgrey,https://www.asos.comweekday/weekday-boat-neck-long-sleeve-mini-dress-in-dark-gray-exclusive-to-asos/prd/209372266#colourWayId-209372281
209383578,ASOS DESIGN satin wide leg pants in khaki - part of a set,ASOS DESIGN,Women's Pants,2640,49.99,,https://images.asos-media.com/products/asos-design-satin-wide-leg-pants-in-khaki-part-of-a-set/209383578-1-khaki,https://www.asos.comasos-design/asos-design-satin-wide-leg-pants-in-khaki-part-of-a-set/prd/209383578#colourWayId-209383581
209030491,ASOS DESIGN denim funnel neck jacket,ASOS DESIGN,Women's Coats and Jackets,2641,89.99,,https://images.asos-media.com/products/asos-design-denim-funnel-neck-jacket/209030491-1-midblue,https://www.asos.comasos-design/asos-design-denim-funnel-neck-jacket/prd/209030491#colourWayId-209030496
208715074,ONLY oversized contrast pocket fleece in navy,ONLY,Women's Coats and Jackets,2641,81.0,,https://images.asos-media.com/products/only-oversized-contrast-pocket-fleece-in-navy/208715074-1-navy,https://www.asos.comonly/only-oversized-contrast-pocket-fleece-in-navy/prd/208715074#colourWayId-208715084
208896502,ASOS DESIGN Curve corduroy barrel leg pull on pants in burgundy,ASOS DESIGN,Women's Pants,2640,42.99,,https://images.asos-media.com/products/asos-design-curve-corduroy-barrel-leg-pull-on-pants-in-burgundy/208896502-1-burgundy,https://www.asos.comasos-design/asos-design-curve-corduroy-barrel-leg-pull-on-pants-in-burgundy/prd/208896502#colourWayId-208896503
208220236,Miss Selfridge faux leather mid length trench coat in black,Miss Selfridge,Women's Coats and Jackets,2641,109.0,,https://images.asos-media.com/products/miss-selfridge-faux-leather-mid-length-trench-coat-in-black/208220236-1-black,https://www.asos.commiss-selfridge/miss-selfridge-faux-leather-mid-length-trench-coat-in-black/prd/208220236#colourWayId-208220238
209125053,ASOS DESIGN drop waist mini shirt dress with pleated skirt in gray stripe,ASOS DESIGN,Women's Dresses,8799,64.99,,https://images.asos-media.com/products/asos-design-drop-waist-mini-shirt-dress-with-pleated-skirt-in-gray-stripe/209125053-1-brownstripe,https://www.asos.comasos-design/asos-design-drop-waist-mini-shirt-dress-with-pleated-skirt-in-gray-stripe/prd/209125053#colourWayId-209125072
209422610,Vesper bengaline bandeau fold over midaxi dress in red,Vesper,Women's Dresses,8799,111.0,,https://images.asos-media.com/products/vesper-bengaline-bandeau-fold-over-midaxi-dress-in-red/209422610-1-red,https://www.asos.comvesper/vesper-bengaline-bandeau-fold-over-midaxi-dress-in-red/prd/209422610#colourWayId-209422612
208042929,Nike Air Force 1 sneakers in black and white,Nike,Men's Shoes,4209,115.0,,https://images.asos-media.com/products/nike-air-force-1-sneakers-in-black-and-white/208042929-1-black,https://www.asos.comnike/nike-air-force-1-sneakers-in-black-and-white/prd/208042929#colourWayId-208042936
208660676,adidas Originals Samba OG sneakers in dark green snake print,adidas Originals,Men's Shoes,4209,100.0,,https://images.asos-media.com/products/adidas-originals-samba-og-sneakers-in-dark-green-snake-print/208660676-1-darkgreen,https://www.asos.comadidas-originals/adidas-originals-samba-og-sneakers-in-dark-green-snake-print/prd/208660676#colourWayId-208660678
209521838,River Island notch belted wrap coat in black,River Island,Women's Coats and Jackets,2641,148.0,,https://images.asos-media.com/products/river-island-notch-belted-wrap-coat-in-black/209521838-1-black,https://www.asos.comriver-island/river-island-notch-belted-wrap-coat-in-black/prd/209521838#colourWayId-209521839
208541972,ASOS DESIGN throw on overcoat in olive,ASOS DESIGN,Women's Coats and Jackets,2641,64.99,,https://images.asos-media.com/products/asos-design-throw-on-overcoat-in-olive/208541972-1-olive,https://www.asos.comasos-design/asos-design-throw-on-overcoat-in-olive/prd/208541972#colourWayId-208541979
208903800,ASOS DESIGN velvet devore crew neck sleeveless maxi dress in blue and red floral,ASOS DESIGN,Women's Dresses,8799,92.99,,https://images.asos-media.com/products/asos-design-velvet-devore-crew-neck-sleeveless-maxi-dress-in-blue-and-red-floral/208903800-1-blueandredfloral,https://www.asos.comasos-design/asos-design-velvet-devore-crew-neck-sleeveless-maxi-dress-in-blue-and-red-floral/prd/208903800#colourWayId-208903809
209454337,Reclaimed Vintage wide leg pull on pants in brown and green satin stripes,Reclaimed Vintage,Women's Pants,2640,59.99,,https://images.asos-media.com/products/reclaimed-vintage-wide-leg-pull-on-pants-in-brown-and-green-satin-stripes/209454337-1-multi,https://www.asos.comreclaimed-vintage/reclaimed-vintage-wide-leg-pull-on-pants-in-brown-and-green-satin-stripes/prd/209454337#colourWayId-209454348
209465167,TFNC halterneck maxi dress with tie front detail in mustard satin,TFNC,Women's Dresses,8799,120.0,,https://images.asos-media.com/products/tfnc-halterneck-maxi-dress-with-tie-front-detail-in-mustard-satin/209465167-1-mustard,https://www.asos.comtfnc/tfnc-halterneck-maxi-dress-with-tie-front-detail-in-mustard-satin/prd/209465167#colourWayId-209465168
209550454,ASOS DESIGN sleeveless cut-out with hardware side detail maxi dress in burgundy,ASOS DESIGN,Women's Dresses,8799,64.99,,https://images.asos-media.com/products/asos-design-sleeveless-cut-out-with-hardware-side-detail-maxi-dress-in-burgundy/209550454-1-burgundy,https://www.asos.comasos-design/asos-design-sleeveless-cut-out-with-hardware-side-detail-maxi-dress-in-burgundy/prd/209550454#colourWayId-209550458
209092837,Adore Me Lianne swimwear bra in black,Adore Me,Women's Swimwear and Beachwear,2238,49.95,,https://images.asos-media.com/products/adore-me-lianne-swimwear-bra-in-black/209092837-1-black,https://www.asos.comadore-me/adore-me-lianne-swimwear-bra-in-black/prd/209092837#colourWayId-209092838
208604532,River Island faux leather cropped biker jacket in black,River Island,Women's Coats and Jackets,2641,115.0,,https://images.asos-media.com/products/river-island-faux-leather-cropped-biker-jacket-in-black/208604532-1-black,https://www.asos.comriver-island/river-island-faux-leather-cropped-biker-jacket-in-black/prd/208604532#colourWayId-208604537
209059787,Threadbare faux fur shearling vest in pink,Threadbare,Women's Coats and Jackets,2641,51.0,,https://images.asos-media.com/products/threadbare-faux-fur-shearling-vest-in-pink/209059787-1-pink,https://www.asos.comthreadbare/threadbare-faux-fur-shearling-vest-in-pink/prd/209059787#colourWayId-209059789
206817071,ASOS DESIGN Marrakech bikini in multi,ASOS DESIGN,Women's Swimwear and Beachwear,2238,26.69,0.5933748332592264,https://images.asos-media.com/products/asos-design-marrakech-bikini-in-multi/206318108-2,https://www.asos.comasos-design/asos-design-marrakech-bikini-in-multi/grp/206817071#colourWayId-206496596
208966548,schuh Row lace up derby shoes with broguing in leather black,Schuh,Men's Shoes,4209,87.0,,https://images.asos-media.com/products/schuh-row-lace-up-derby-shoes-with-broguing-in-leather-black/208966548-1-blackleather,https://www.asos.comschuh/schuh-row-lace-up-derby-shoes-with-broguing-in-leather-black/prd/208966548#colourWayId-208966553
208952665,ARKET real leather premium formal loafer shoes in black,Arket,Men's Shoes,4209,275.0,,https://images.asos-media.com/products/arket-real-leather-premium-formal-loafer-shoes-in-black/208952665-1-black,https://www.asos.comarket/arket-real-leather-premium-formal-loafer-shoes-in-black/prd/208952665#colourWayId-208952670
208788811,COLLUSION long sleeve ruched mini shirt dress in navy,Collusion,Women's Dresses,8799,56.99,,https://images.asos-media.com/products/collusion-long-sleeve-ruched-mini-shirt-dress-in-navy/208788811-1-navy,https://www.asos.comcollusion/collusion-long-sleeve-ruched-mini-shirt-dress-in-navy/prd/208788811#colourWayId-208788817
22786800,Hollister set ruffle bandeau bikini top in yellow,Hollister,Women's Swimwear and Beachwear,2238,32.95,,https://images.asos-media.com/products/hollister-set-ruffle-bandeau-bikini-top-in-yellow/22786800-1-yellow,https://www.asos.comhollister/hollister-set-ruffle-bandeau-bikini-top-in-yellow/prd/22786800#colourWayId-60426040
209079082,ASOS DESIGN mule clog sandals in taupe with cork sole,ASOS DESIGN,Men's Shoes,4209,42.99,,https://images.asos-media.com/products/asos-design-mule-clog-sandals-in-taupe-with-cork-sole/209079082-1-taupe,https://www.asos.comasos-design/asos-design-mule-clog-sandals-in-taupe-with-cork-sole/prd/209079082#colourWayId-209079090
208660830,adidas Originals Samba OG sneakers with split toe detailing in off white and brown,adidas Originals,Men's Shoes,4209,100.0,,https://images.asos-media.com/products/adidas-originals-samba-og-sneakers-with-split-toe-detailing-in-off-white-and-brown/208660830-1-ivory,https://www.asos.comadidas-originals/adidas-originals-samba-og-sneakers-with-split-toe-detailing-in-off-white-and-brown/prd/208660830#colourWayId-208660834
209372304,Weekday deep halterneck long sleeve mini dress in black -Exclusive to ASOS,Weekday,Women's Dresses,8799,68.0,,https://images.asos-media.com/products/weekday-deep-halterneck-long-sleeve-mini-dress-in-black-exclusive-to-asos/209372304-1-black,https://www.asos.comweekday/weekday-deep-halterneck-long-sleeve-mini-dress-in-black-exclusive-to-asos/prd/209372304#colourWayId-209372306
208898155,ASOS DESIGN Petite tailored cropped pants with tab waist detail in black,ASOS DESIGN,Women's Pants,2640,42.99,,https://images.asos-media.com/products/asos-design-petite-tailored-cropped-pants-with-tab-waist-detail-in-black/208898155-1-black,https://www.asos.comasos-design/asos-design-petite-tailored-cropped-pants-with-tab-waist-detail-in-black/prd/208898155#colourWayId-208898162
208777741,ONLY seamless leggings in chocolate brown - part of a set,ONLY,Women's Pants,2640,40.0,,https://images.asos-media.com/products/only-seamless-leggings-in-chocolate-brown-part-of-a-set/208777741-1-chocloatetorte,https://www.asos.comonly/only-seamless-leggings-in-chocolate-brown-part-of-a-set/prd/208777741#colourWayId-208777743
209278166,Adore Me Margaret swimwear one-piece in black,Adore Me,Women's Swimwear and Beachwear,2238,54.95,,https://images.asos-media.com/products/adore-me-margaret-swimwear-one-piece-in-black/209278166-1-black,https://www.asos.comadore-me/adore-me-margaret-swimwear-one-piece-in-black/prd/209278166#colourWayId-209278186
208883908,ASOS DESIGN chelsea boots in black suede,ASOS DESIGN,Men's Shoes,4209,59.99,,https://images.asos-media.com/products/asos-design-chelsea-boots-in-black-suede/208883908-1-black,https://www.asos.comasos-design/asos-design-chelsea-boots-in-black-suede/prd/208883908#colourWayId-208883909
209168495,ASOS DESIGN supersoft long sleeve godet mini dress in burgundy,ASOS DESIGN,Women's Dresses,8799,39.99,,https://images.asos-media.com/products/asos-design-supersoft-long-sleeve-godet-mini-dress-in-burgundy/209168495-1-burgundy,https://www.asos.comasos-design/asos-design-supersoft-long-sleeve-godet-mini-dress-in-burgundy/prd/209168495#colourWayId-209168496
208661715,Topshop mid rise clean straight leg pants in cherry red - part of a set,Topshop,Women's Pants,2640,64.99,,https://images.asos-media.com/products/topshop-mid-rise-clean-straight-leg-pants-in-cherry-red-part-of-a-set/208661715-1-cherryred,https://www.asos.comtopshop/topshop-mid-rise-clean-straight-leg-pants-in-cherry-red-part-of-a-set/prd/208661715#colourWayId-208661719
208451816,ASOS DESIGN wool blend short trench coat with low belt in chocolate,ASOS DESIGN,Women's Coats and Jackets,2641,89.99,,https://images.asos-media.com/products/asos-design-wool-blend-short-trench-coat-with-low-belt-in-chocolate/208451816-1-chocolate,https://www.asos.comasos-design/asos-design-wool-blend-short-trench-coat-with-low-belt-in-chocolate/prd/208451816#colourWayId-208451817
209459893,Wednesday's Girl long sleeve smudge polka dots mini dress in burgundy pink,Wednesday's Girl,Women's Dresses,8799,39.0,,https://images.asos-media.com/products/wednesdays-girl-long-sleeve-smudge-polka-dots-mini-dress-in-burgundy-pink/209459893-1-burgundy,https://www.asos.comwednesdays-girl/wednesdays-girl-long-sleeve-smudge-polka-dots-mini-dress-in-burgundy-pink/prd/209459893#colourWayId-209459895
209554549,ASOS DESIGN ribbed capri with contrast piping in black - part of a set,ASOS DESIGN,Women's Pants,2640,34.99,,https://images.asos-media.com/products/asos-design-ribbed-capri-with-contrast-piping-in-black-part-of-a-set/209554549-1-black,https://www.asos.comasos-design/asos-design-ribbed-one-shoulder-top-and-capri-set-in-black/grp/209590233#colourWayId-209554556&productId-209554549
209278129,Adore Me Tatiana swimwear bikini bottom in black,Adore Me,Women's Swimwear and Beachwear,2238,14.95,,https://images.asos-media.com/products/adore-me-tatiana-swimwear-bikini-bottom-in-black/209278129-1-black,https://www.asos.comadore-me/adore-me-tatiana-swimwear-bikini-bottom-in-black/prd/209278129#colourWayId-209278130
209631644,ASOS DESIGN bengaline longline capri pants with slit hem in zebra print,ASOS DESIGN,Women's Pants,2640,37.99,,https://images.asos-media.com/products/asos-design-bengaline-longline-capri-pants-with-slit-hem-in-zebra-print/209631644-1-zebraprint,https://www.asos.comasos-design/asos-design-bengaline-longline-capri-pants-with-slit-hem-in-zebra-print/prd/209631644#colourWayId-209631645
209277572,Adore Me Madelaine swimwear swim top in black,Adore Me,Women's Swimwear and Beachwear,2238,44.95,,https://images.asos-media.com/products/adore-me-madelaine-swimwear-swim-top-in-black/209277572-1-black,https://www.asos.comadore-me/adore-me-madelaine-swimwear-swim-top-in-black/prd/209277572#colourWayId-209277578
209338728,ARKET wide leg corduroy pants with tailored waistband in brown,Arket,Women's Pants,2640,127.0,,https://images.asos-media.com/products/arket-wide-leg-corduroy-pants-with-tailored-waistband-in-brown/209338728-1-brown,https://www.asos.comarket/arket-wide-leg-corduroy-pants-with-tailored-waistband-in-brown/prd/209338728#colourWayId-209338735
208697014,ASOS DESIGN penny loafers in black with floral apron,ASOS DESIGN,Men's Shoes,4209,52.99,,https://images.asos-media.com/products/asos-design-penny-loafers-in-black-with-floral-apron/208697014-1-black,https://www.asos.comasos-design/asos-design-penny-loafers-in-black-with-floral-apron/prd/208697014#colourWayId-208697030
208042562,Nike Air Force 1 Luxe sneakers in black,Nike,Men's Shoes,4209,130.0,,https://images.asos-media.com/products/nike-air-force-1-luxe-sneakers-in-black/208042562-1-black,https://www.asos.comnike/nike-air-force-1-luxe-sneakers-in-black/prd/208042562#colourWayId-208042586
208465812,BOSS Tracy logo flip flops in light green,BOSS Orange,Men's Shoes,4209,45.0,,https://images.asos-media.com/products/boss-tracy-logo-flip-flops-in-light-green/208465812-1-lightgreen,https://www.asos.comboss-orange/boss-tracy-logo-flip-flops-in-light-green/prd/208465812#colourWayId-208465813
209338596,ARKET Coral low rise baggy wide leg stretch corduroy pants in off white,Arket,Women's Pants,2640,112.0,,https://images.asos-media.com/products/arket-coral-low-rise-baggy-wide-leg-stretch-corduroy-pants-in-off-white/209338596-1-offwhite,https://www.asos.comarket/arket-coral-low-rise-baggy-wide-leg-stretch-corduroy-pants-in-off-white/prd/209338596#colourWayId-209338607
208347327,ONLY Curve faux fur coat in brown,Only Curve,Women's Coats and Jackets,2641,117.0,,https://images.asos-media.com/products/only-curve-faux-fur-coat-in-brown/208347327-1-brown,https://www.asos.comonly-curve/only-curve-faux-fur-coat-in-brown/prd/208347327#colourWayId-208347333
208765895,Motel nakeela swirl print mini bikini bottom in pink,Motel,Women's Swimwear and Beachwear,2238,42.0,,https://images.asos-media.com/products/motel-nakeela-swirl-print-mini-bikini-bottom-in-pink/208765895-1-swirlpink,https://www.asos.commotel/motel-nakeela-swirl-print-mini-bikini-bottom-in-pink/prd/208765895#colourWayId-208765903
209018180,Abercrombie & Fitch high rise straight leg soft pants in beige houndstooth,Abercrombie & Fitch,Women's Pants,2640,90.0,,https://images.asos-media.com/products/abercrombie-fitch-high-rise-straight-leg-soft-pants-in-beige-houndstooth/209018180-1-beige,https://www.asos.comabercrombie-fitch/abercrombie-fitch-high-rise-straight-leg-soft-pants-in-beige-houndstooth/prd/209018180#colourWayId-209018192
209549751,ASOS DESIGN satin seam detail maxi dress in raspberry,ASOS DESIGN,Women's Dresses,8799,44.99,,https://images.asos-media.com/products/asos-design-satin-seam-detail-maxi-dress-in-raspberry/209549751-1-raspberry,https://www.asos.comasos-design/asos-design-satin-seam-detail-maxi-dress-in-raspberry/prd/209549751#colourWayId-209549752
209338540,ARKET faux shearling fleece oversized jacket with funnel neck in light beige,Arket,Women's Coats and Jackets,2641,173.0,,https://images.asos-media.com/products/arket-faux-shearling-fleece-oversized-jacket-with-funnel-neck-in-light-beige/209338540-1-lightbeige,https://www.asos.comarket/arket-faux-shearling-fleece-oversized-jacket-with-funnel-neck-in-light-beige/prd/209338540#colourWayId-209338544
209172344,Mamalicious Maternity knit rib tie waist mini dress in chocolate melange,Mama.licious,Women's Dresses,8799,81.0,,https://images.asos-media.com/products/mamalicious-maternity-knit-rib-tie-waist-mini-dress-in-chocolate-melange/209172344-1-sealbrown,https://www.asos.commamalicious/mamalicious-maternity-knit-rib-tie-waist-mini-dress-in-chocolate-melange/prd/209172344#colourWayId-209172348
209141221,I.AM.GIA Ava halterneck triangle metal logo hardware bikini top in leopard print - part of a set,I.AM.GIA,Women's Swimwear and Beachwear,2238,55.0,,https://images.asos-media.com/products/iamgia-ava-halterneck-triangle-metal-logo-hardware-bikini-top-in-leopard-print-part-of-a-set/209141221-1-leopard,https://www.asos.comiamgia/iamgia-ava-halterneck-logo-charm-bikini-top-and-bottoms-set-in-leopard/grp/209532238#colourWayId-209141224&productId-209141221
208047641,Topshop faux suede super oversized quilted lined bomber jacket with patch pockets in tan,Topshop,Women's Coats and Jackets,2641,139.0,,https://images.asos-media.com/products/topshop-faux-suede-super-oversized-quilted-lined-bomber-jacket-with-patch-pockets-in-tan/208047641-1-tan,https://www.asos.comtopshop/topshop-faux-suede-super-oversized-quilted-lined-bomber-jacket-with-patch-pockets-in-tan/prd/208047641#colourWayId-208047642
209338396,ARKET wool pants with drawstring waist in gray,Arket,Women's Pants,2640,159.0,,https://images.asos-media.com/products/arket-wool-pants-with-drawstring-waist-in-gray/209338396-1-grey,https://www.asos.comarket/arket-wool-pants-with-drawstring-waist-in-gray/prd/209338396#colourWayId-209338401
208317948,JDY Tall tie detail wide leg pants in black,JDY Tall,Women's Pants,2640,58.0,,https://images.asos-media.com/products/jdy-tall-tie-detail-wide-leg-pants-in-black/208317948-1-black,https://www.asos.comjdy-tall/jdy-tall-tie-detail-wide-leg-pants-in-black/prd/208317948#colourWayId-208317956
209078961,ASOS DESIGN lace up apron shoes in taupe,ASOS DESIGN,Men's Shoes,4209,59.99,,https://images.asos-media.com/products/asos-design-lace-up-apron-shoes-in-taupe/209078961-1-taupe,https://www.asos.comasos-design/asos-design-lace-up-apron-shoes-in-taupe/prd/209078961#colourWayId-209078965
209459862,Wednesday's Girl long sleeve smudged polka dots mini dress in yellow brown,Wednesday's Girl,Women's Dresses,8799,39.0,,https://images.asos-media.com/products/wednesdays-girl-long-sleeve-smudged-polka-dots-mini-dress-in-yellow-brown/209459862-1-yellow,https://www.asos.comwednesdays-girl/wednesdays-girl-long-sleeve-smudged-polka-dots-mini-dress-in-yellow-brown/prd/209459862#colourWayId-209459867
209338656,ARKET wool mix flannel straight leg pants with elastic waist in black,Arket,Women's Pants,2640,141.0,,https://images.asos-media.com/products/arket-wool-mix-flannel-straight-leg-pants-with-elastic-waist-in-black/209338656-1-black,https://www.asos.comarket/arket-wool-mix-flannel-straight-leg-pants-with-elastic-waist-in-black/prd/209338656#colourWayId-209338672
208510890,Reclaimed Vintage tailored wide leg pants in chocolate brown,Reclaimed Vintage,Women's Pants,2640,54.99,,https://images.asos-media.com/products/reclaimed-vintage-tailored-wide-leg-pants-in-chocolate-brown/208510890-1-chocolate,https://www.asos.comreclaimed-vintage/reclaimed-vintage-tailored-wide-leg-pants-in-chocolate-brown/prd/208510890#colourWayId-208510892
208776487,ASOS DESIGN brogue lace-up boots in black leather,ASOS DESIGN,Men's Shoes,4209,74.99,,https://images.asos-media.com/products/asos-design-brogue-lace-up-boots-in-black-leather/208776487-1-black,https://www.asos.comasos-design/asos-design-brogue-lace-up-boots-in-black-leather/prd/208776487#colourWayId-208776488
208761307,ASOS DESIGN penny lane faux fur trim coat in black,ASOS DESIGN,Women's Coats and Jackets,2641,109.0,,https://images.asos-media.com/products/asos-design-penny-lane-faux-fur-trim-coat-in-black/208761307-1-black,https://www.asos.comasos-design/asos-design-penny-lane-faux-fur-trim-coat-in-black/prd/208761307#colourWayId-208761313
209430762,River Island faux leather jacket in dark khaki,River Island,Women's Coats and Jackets,2641,94.0,,https://images.asos-media.com/products/river-island-faux-leather-jacket-in-dark-khaki/209430762-1-darkbrown,https://www.asos.comriver-island/river-island-faux-leather-jacket-in-dark-khaki/prd/209430762#colourWayId-209430763
208603285,South Beach shiny crinkle bikini in chocolate,South Beach,Women's Swimwear and Beachwear,2238,42.0,0.7368421052631579,https://images.asos-media.com/products/south-beach-shiny-crinkle-bikini-in-chocolate/207776452-3,https://www.asos.comsouth-beach/south-beach-shiny-crinkle-bikini-in-chocolate/grp/208603285
208765689,Motel farida hibiscus wave print high-cut bikini briefs in blue,Motel,Women's Swimwear and Beachwear,2238,42.0,,https://images.asos-media.com/products/motel-farida-hibiscus-wave-print-high-cut-bikini-briefs-in-blue/208765689-1-hibiscuswaveblue,https://www.asos.commotel/motel-farida-hibiscus-wave-print-high-cut-bikini-briefs-in-blue/prd/208765689#colourWayId-208765691
208896546,ASOS DESIGN Petite corduroy wide leg cropped pants in biscuit,ASOS DESIGN,Women's Pants,2640,42.99,,https://images.asos-media.com/products/asos-design-petite-corduroy-wide-leg-cropped-pants-in-biscuit/208896546-1-biscuit,https://www.asos.comasos-design/asos-design-petite-corduroy-wide-leg-cropped-pants-in-biscuit/prd/208896546#colourWayId-208896547
209141013,I.AM.GIA Ava metal logo hardware G-string bikini bottom in leopard - part of a set,I.AM.GIA,Women's Swimwear and Beachwear,2238,55.0,,https://images.asos-media.com/products/iamgia-ava-metal-logo-hardware-g-string-bikini-bottom-in-leopard-part-of-a-set/209141013-1-leopard,https://www.asos.comiamgia/iamgia-ava-halterneck-logo-charm-bikini-top-and-bottoms-set-in-leopard/grp/209532238#colourWayId-209141036&productId-209141013
208785193,SEQWL Calvin chunky buckle loafers in faux suede chocolate,SEQWL,Men's Shoes,4209,56.0,,https://images.asos-media.com/products/seqwl-calvin-chunky-buckle-loafers-in-faux-suede-chocolate/208785193-1-chocmicrosuede,https://www.asos.comseqwl/seqwl-calvin-chunky-buckle-loafers-in-faux-suede-chocolate/prd/208785193#colourWayId-208785194
208765926,Motel pami hibiscus wave print triangle bikini top in blue,Motel,Women's Swimwear and Beachwear,2238,47.0,,https://images.asos-media.com/products/motel-pami-hibiscus-wave-print-triangle-bikini-top-in-blue/208765926-1-hibiscuswaveblue,https://www.asos.commotel/motel-pami-hibiscus-wave-print-triangle-bikini-top-in-blue/prd/208765926#colourWayId-208765927
208715280,ONLY oversize contrast pocket fleece in sage green,ONLY,Women's Coats and Jackets,2641,81.0,,https://images.asos-media.com/products/only-oversize-contrast-pocket-fleece-in-sage-green/208715280-1-lightgreen,https://www.asos.comonly/only-oversize-contrast-pocket-fleece-in-sage-green/prd/208715280#colourWayId-208715281
208884004,ASOS DESIGN heeled chelsea boot in black leather with natural sole,ASOS DESIGN,Men's Shoes,4209,89.99,,https://images.asos-media.com/products/asos-design-heeled-chelsea-boot-in-black-leather-with-natural-sole/208884004-1-black,https://www.asos.comasos-design/asos-design-heeled-chelsea-boot-in-black-leather-with-natural-sole/prd/208884004#colourWayId-208884005
209459863,Wednesday's Girl long sleeve smudged polka dots midaxi dress in plum,Wednesday's Girl,Women's Dresses,8799,42.0,,https://images.asos-media.com/products/wednesdays-girl-long-sleeve-smudged-polka-dots-midaxi-dress-in-plum/209459863-1-purple,https://www.asos.comwednesdays-girl/wednesdays-girl-long-sleeve-smudged-polka-dots-midaxi-dress-in-plum/prd/209459863#colourWayId-209459866
209338692,ARKET wool mix flannel straight leg pants with elastic waist in gray,Arket,Women's Pants,2640,141.0,,https://images.asos-media.com/products/arket-wool-mix-flannel-straight-leg-pants-with-elastic-waist-in-gray/209338692-1-grey,https://www.asos.comarket/arket-wool-mix-flannel-straight-leg-pants-with-elastic-waist-in-gray/prd/209338692#colourWayId-209338704
208823286,SEQWL Mslip fur lined slippers in navy,SEQWL,Men's Shoes,4209,25.0,,https://images.asos-media.com/products/seqwl-mslip-fur-lined-slippers-in-navy/208823286-1-navy,https://www.asos.comseqwl/seqwl-mslip-fur-lined-slippers-in-navy/prd/208823286#colourWayId-208823288
208697082,ASOS DESIGN chelsea boots in light brown suede with concealed gusset,ASOS DESIGN,Men's Shoes,4209,84.99,,https://images.asos-media.com/products/asos-design-chelsea-boots-in-light-brown-suede-with-concealed-gusset/208697082-1-lightbrown,https://www.asos.comasos-design/asos-design-chelsea-boots-in-light-brown-suede-with-concealed-gusset/prd/208697082#colourWayId-208697090
207729715,Calvin Klein racerback zip swimsuit in black and green,Calvin Klein,Women's Swimwear and Beachwear,2238,139.4,0.8500000000000001,https://images.asos-media.com/products/calvin-klein-racerback-zip-swimsuit-in-black-and-green/207729715-1-black,https://www.asos.comcalvin-klein/calvin-klein-racerback-zip-swimsuit-in-black-and-green/prd/207729715#colourWayId-207729720
209325572,ASOS DESIGN draped angel sleeve maxi dress in navy,ASOS DESIGN,Women's Dresses,8799,47.99,,https://images.asos-media.com/products/asos-design-draped-angel-sleeve-maxi-dress-in-navy/209325572-1-navy,https://www.asos.comasos-design/asos-design-draped-angel-sleeve-maxi-dress-in-navy/prd/209325572#colourWayId-209325578
208946985,Tommy Hilfiger leather suede comfort chelsea boots in navy,Tommy Hilfiger,Men's Shoes,4209,149.9,,https://images.asos-media.com/products/tommy-hilfiger-leather-suede-comfort-chelsea-boots-in-navy/208946985-1-navy,https://www.asos.comtommy-hilfiger/tommy-hilfiger-leather-suede-comfort-chelsea-boots-in-navy/prd/208946985#colourWayId-208946991
209079005,ASOS DESIGN laceup in black,ASOS DESIGN,Men's Shoes,4209,64.99,,https://images.asos-media.com/products/asos-design-laceup-in-black/209079005-1-black,https://www.asos.comasos-design/asos-design-laceup-in-black/prd/209079005#colourWayId-209079023
208614624,Neon Rose pinstriped double collar mini smock dress in navy,Neon Rose,Women's Dresses,8799,113.0,,https://images.asos-media.com/products/neon-rose-pinstriped-double-collar-mini-smock-dress-in-navy/208614624-1-navy,https://www.asos.comneon-rose/neon-rose-pinstriped-double-collar-mini-smock-dress-in-navy/prd/208614624#colourWayId-208614634
208777155,ASOS DESIGN brogue lace up boots in tan leather,ASOS DESIGN,Men's Shoes,4209,74.99,,https://images.asos-media.com/products/asos-design-brogue-lace-up-boots-in-tan-leather/208777155-1-tan,https://www.asos.comasos-design/asos-design-brogue-lace-up-boots-in-tan-leather/prd/208777155#colourWayId-208777157
208823285,SEQWL Mslip fur lined slippers in black,SEQWL,Men's Shoes,4209,25.0,,https://images.asos-media.com/products/seqwl-mslip-fur-lined-slippers-in-black/208823285-1-black,https://www.asos.comseqwl/seqwl-mslip-fur-lined-slippers-in-black/prd/208823285#colourWayId-208823287
209459861,Wednesday's Girl long sleeve smudged polka dots midaxi dress in navy,Wednesday's Girl,Women's Dresses,8799,42.0,,https://images.asos-media.com/products/wednesdays-girl-long-sleeve-smudged-polka-dots-midaxi-dress-in-navy/209459861-1-navy,https://www.asos.comwednesdays-girl/wednesdays-girl-long-sleeve-smudged-polka-dots-midaxi-dress-in-navy/prd/209459861#colourWayId-209459865
209439875,Weekday asymmetric shoulders long sleeve mini dress in black,Weekday,Women's Dresses,8799,68.0,,https://images.asos-media.com/products/weekday-asymmetric-shoulders-long-sleeve-mini-dress-in-black/209439875-1-black,https://www.asos.comweekday/weekday-asymmetric-shoulders-long-sleeve-mini-dress-in-black/prd/209439875#colourWayId-209439876
208487857,Aria Cove knit boxer style button detail wide leg pants in pink - part of a set,Aria Cove,Women's Pants,2640,66.0,,https://images.asos-media.com/products/aria-cove-knit-boxer-style-button-detail-wide-leg-pants-in-pink-part-of-a-set/208487857-1-pink,https://www.asos.comaria-cove/aria-cove-knit-boxer-style-wide-leg-pants-and-structured-knit-cardigan-set-in-pink/grp/209351891#colourWayId-208487866&productId-208487857
209372339,Weekday boat neck long sleeve mini dress in black - exclusive to ASOS,Weekday,Women's Dresses,8799,68.0,,https://images.asos-media.com/products/weekday-boat-neck-long-sleeve-mini-dress-in-black-exclusive-to-asos/209372339-1-black,https://www.asos.comweekday/weekday-boat-neck-long-sleeve-mini-dress-in-black-exclusive-to-asos/prd/209372339#colourWayId-209372353
208776837,ASOS DESIGN lace-up brogue shoes in tan leather,ASOS DESIGN,Men's Shoes,4209,69.99,,https://images.asos-media.com/products/asos-design-lace-up-brogue-shoes-in-tan-leather/208776837-1-tan,https://www.asos.comasos-design/asos-design-lace-up-brogue-shoes-in-tan-leather/prd/208776837#colourWayId-208776844
209320846,Noisy May zip up fleece in burgundy checkerboard,Noisy May,Women's Coats and Jackets,2641,72.0,,https://images.asos-media.com/products/noisy-may-zip-up-fleece-in-burgundy-checkerboard/209320846-1-windsorwine,https://www.asos.comnoisy-may/noisy-may-zip-up-fleece-in-burgundy-checkerboard/prd/209320846#colourWayId-209320847
208317935,JDY Petite faux leather wide leg pants in black,JDY Petite,Women's Pants,2640,81.0,,https://images.asos-media.com/products/jdy-petite-faux-leather-wide-leg-pants-in-black/208317935-1-black,https://www.asos.comjdy-petite/jdy-petite-faux-leather-wide-leg-pants-in-black/prd/208317935#colourWayId-208317946
209439854,Weekday asymmetric shoulder long sleeve mini dress in navy,Weekday,Women's Dresses,8799,68.0,,https://images.asos-media.com/products/weekday-asymmetric-shoulder-long-sleeve-mini-dress-in-navy/209439854-1-navy,https://www.asos.comweekday/weekday-asymmetric-shoulder-long-sleeve-mini-dress-in-navy/prd/209439854#colourWayId-209439855
209226013,Adore Me Demi swimwear bikini bottoms in black,Adore Me,Women's Swimwear and Beachwear,2238,14.95,,https://images.asos-media.com/products/adore-me-demi-swimwear-bikini-bottoms-in-black/209226013-1-black,https://www.asos.comadore-me/adore-me-demi-swimwear-bikini-bottoms-in-black/prd/209226013#colourWayId-209226021
208120878,Vans Classic slip on checkerboard sneakers in light blue,Vans,Men's Shoes,4209,60.0,,https://images.asos-media.com/products/vans-classic-slip-on-checkerboard-sneakers-in-light-blue/208120878-1-lightblue,https://www.asos.comvans/vans-classic-slip-on-checkerboard-sneakers-in-light-blue/prd/208120878#colourWayId-208120925
207684937,ASOS DESIGN contrast binding bikini set in sage green,ASOS DESIGN,Women's Swimwear and Beachwear,2238,35.99,0.7200880352140857,https://images.asos-media.com/products/asos-design-contrast-binding-bikini-set-in-sage-green/206594407-4,https://www.asos.comasos-design/asos-design-contrast-binding-bikini-set-in-sage-green/grp/207684937#colourWayId-206594360
209083297,ASOS DESIGN shirred bust long sleeve button front mini dress in dark burgundy,ASOS DESIGN,Women's Dresses,8799,56.99,,https://images.asos-media.com/products/asos-design-shirred-bust-long-sleeve-button-front-mini-dress-in-dark-burgundy/209083297-1-burgundy,https://www.asos.comasos-design/asos-design-shirred-bust-long-sleeve-button-front-mini-dress-in-dark-burgundy/prd/209083297#colourWayId-209083309
208057258,Topshop faux fur collarless mid length coat in ginger,Topshop,Women's Coats and Jackets,2641,169.0,,https://images.asos-media.com/products/topshop-faux-fur-collarless-mid-length-coat-in-ginger/208057258-1-ginger,https://www.asos.comtopshop/topshop-faux-fur-collarless-mid-length-coat-in-ginger/prd/208057258#colourWayId-208057259
209041793,ASOS DESIGN Tall satin slip bias bust detail maxi dress in navy,ASOS Tall,Women's Dresses,8799,70.0,,https://images.asos-media.com/products/asos-design-tall-satin-slip-bias-bust-detail-maxi-dress-in-navy/209041793-1-navy,https://www.asos.comasos-tall/asos-design-tall-satin-slip-bias-bust-detail-maxi-dress-in-navy/prd/209041793#colourWayId-209041802
208313526,Miss Selfridge faux fur crop jacket in chocolate,Miss Selfridge,Women's Coats and Jackets,2641,89.99,,https://images.asos-media.com/products/miss-selfridge-faux-fur-crop-jacket-in-chocolate/208313526-1-chocolate,https://www.asos.commiss-selfridge/miss-selfridge-faux-fur-crop-jacket-in-chocolate/prd/208313526#colourWayId-208313529
208936219,ASOS DESIGN tailored nipped waist blazer with cut away hem in black,ASOS DESIGN,Women's Coats and Jackets,2641,84.99,,https://images.asos-media.com/products/asos-design-tailored-nipped-waist-blazer-with-cut-away-hem-in-black/208936219-1-black,https://www.asos.comasos-design/asos-design-tailored-nipped-waist-blazer-with-cut-away-hem-in-black/prd/208936219#colourWayId-208936222
209532238,I.AM.GIA Ava halterneck logo charm bikini top and bottoms set in leopard,I.AM.GIA,Women's Swimwear and Beachwear,2238,110.0,,https://images.asos-media.com/products/iamgia-ava-halterneck-logo-charm-bikini-top-and-bottoms-set-in-leopard/209141013-2,https://www.asos.comiamgia/iamgia-ava-halterneck-logo-charm-bikini-top-and-bottoms-set-in-leopard/grp/209532238
209079006,ASOS DESIGN mule clog sandals in black tumbled with cork soles,ASOS DESIGN,Men's Shoes,4209,42.99,,https://images.asos-media.com/products/asos-design-mule-clog-sandals-in-black-tumbled-with-cork-soles/209079006-1-black,https://www.asos.comasos-design/asos-design-mule-clog-sandals-in-black-tumbled-with-cork-soles/prd/209079006#colourWayId-209079024
201071505,Bershka oversized nylon padded jacket with hood in beige,Bershka,Women's Coats and Jackets,2641,89.0,,https://images.asos-media.com/products/bershka-oversized-nylon-padded-jacket-with-hood-in-beige/201071505-1-beige,https://www.asos.combershka/bershka-oversized-nylon-padded-jacket-with-hood-in-beige/prd/201071505#colourWayId-201071507
209514892,ASOS DESIGN ponte capri pant with ruffle lace detail in black,ASOS DESIGN,Women's Pants,2640,29.99,,https://images.asos-media.com/products/asos-design-ponte-capri-pant-with-ruffle-lace-detail-in-black/209514892-1-black,https://www.asos.comasos-design/asos-design-ponte-capri-pant-with-ruffle-lace-detail-in-black/prd/209514892#colourWayId-209514913
209125482,ASOS DESIGN sleeveless mini shift dress with frill hem in brown and navy plaid,ASOS DESIGN,Women's Dresses,8799,49.99,,https://images.asos-media.com/products/asos-design-sleeveless-mini-shift-dress-with-frill-hem-in-brown-and-navy-plaid/209125482-1-browncheck,https://www.asos.comasos-design/asos-design-sleeveless-mini-shift-dress-with-frill-hem-in-brown-and-navy-plaid/prd/209125482#colourWayId-209125510
209142303,ASOS DESIGN slinky knot front cowl neck maxi dress in chocolate,ASOS DESIGN,Women's Dresses,8799,59.99,,https://images.asos-media.com/products/asos-design-slinky-knot-front-cowl-neck-maxi-dress-in-chocolate/209142303-1-chocolate,https://www.asos.comasos-design/asos-design-slinky-knot-front-cowl-neck-maxi-dress-in-chocolate/prd/209142303#colourWayId-209142306
208966519,schuh Declan chelsea boots in black,Schuh,Men's Shoes,4209,87.0,,https://images.asos-media.com/products/schuh-declan-chelsea-boots-in-black/208966519-1-blackpu,https://www.asos.comschuh/schuh-declan-chelsea-boots-in-black/prd/208966519#colourWayId-208966527
208947094,Tommy Hilfiger leather suede comfort derby shoes in navy,Tommy Hilfiger,Men's Shoes,4209,149.9,,https://images.asos-media.com/products/tommy-hilfiger-leather-suede-comfort-derby-shoes-in-navy/208947094-1-navy,https://www.asos.comtommy-hilfiger/tommy-hilfiger-leather-suede-comfort-derby-shoes-in-navy/prd/208947094#colourWayId-208947095
207776603,South Beach shiny crinkle halter bikini top in chocolate,South Beach,Women's Swimwear and Beachwear,2238,32.0,,https://images.asos-media.com/products/south-beach-shiny-crinkle-halter-bikini-top-in-chocolate/207776603-1-chocolate,https://www.asos.comsouth-beach/south-beach-shiny-crinkle-bikini-in-chocolate/grp/208902614#colourWayId-207776604&productId-207776603
209459860,Wednesday's Girl long sleeve smudge spot mini dress in plum pink,Wednesday's Girl,Women's Dresses,8799,39.0,,https://images.asos-media.com/products/wednesdays-girl-long-sleeve-smudge-spot-mini-dress-in-plum-pink/209459860-1-plum,https://www.asos.comwednesdays-girl/wednesdays-girl-long-sleeve-smudge-spot-mini-dress-in-plum-pink/prd/209459860#colourWayId-209459864
208042565,Nike One Dri-FIT high rise leggings in navy,Nike Training,Women's Pants,2640,60.0,,https://images.asos-media.com/products/nike-one-dri-fit-high-rise-leggings-in-navy/208042565-1-navy,https://www.asos.comnike-training/nike-one-dri-fit-high-rise-leggings-in-navy/prd/208042565#colourWayId-208042613
208776875,ASOS DESIGN slim loafers in brown suede,ASOS DESIGN,Men's Shoes,4209,69.99,,https://images.asos-media.com/products/asos-design-slim-loafers-in-brown-suede/208776875-1-brown,https://www.asos.comasos-design/asos-design-slim-loafers-in-brown-suede/prd/208776875#colourWayId-208776883
209275508,Adore Me Brinlee swimwear one-piece in black,Adore Me,Women's Swimwear and Beachwear,2238,59.95,,https://images.asos-media.com/products/adore-me-brinlee-swimwear-one-piece-in-black/209275508-1-black,https://www.asos.comadore-me/adore-me-brinlee-swimwear-one-piece-in-black/prd/209275508#colourWayId-209275522
209220066,Weekday wool blend car coat in dark brown,Weekday,Women's Coats and Jackets,2641,247.0,,https://images.asos-media.com/products/weekday-wool-blend-car-coat-in-dark-brown/209220066-1-darkbrown,https://www.asos.comweekday/weekday-wool-blend-car-coat-in-dark-brown/prd/209220066#colourWayId-209220085
209456062,Topshop low rise flared pants in brown,Topshop,Women's Pants,2640,70.0,,https://images.asos-media.com/products/topshop-low-rise-flared-pants-in-brown/209456062-1-brown,https://www.asos.comtopshop/topshop-low-rise-flared-pants-in-brown/prd/209456062#colourWayId-209456070
209125289,ASOS DESIGN cowl hardware mesh maxi dress in mixed animal print,ASOS DESIGN,Women's Dresses,8799,69.99,,https://images.asos-media.com/products/asos-design-cowl-hardware-mesh-maxi-dress-in-mixed-animal-print/209125289-1-print,https://www.asos.comasos-design/asos-design-cowl-hardware-mesh-maxi-dress-in-mixed-animal-print/prd/209125289#colourWayId-209125319
208425804,Reclaimed Vintage Unisex reversible harrington coach jacket in tan and plaid print,Reclaimed Vintage,Women's Coats and Jackets,2641,119.0,,https://images.asos-media.com/products/reclaimed-vintage-unisex-reversible-harrington-coach-jacket-in-tan-and-plaid-print/208425804-1-tan,https://www.asos.comreclaimed-vintage/reclaimed-vintage-unisex-reversible-harrington-coach-jacket-in-tan-and-plaid-print/prd/208425804#colourWayId-208425806
209618579,ASOS DESIGN double layer midi dress in in ivory and black,ASOS DESIGN,Women's Dresses,8799,47.99,,https://images.asos-media.com/products/asos-design-double-layer-midi-dress-in-in-ivory-and-black/209618579-1-ivoryblack,https://www.asos.comasos-design/asos-design-double-layer-midi-dress-in-in-ivory-and-black/prd/209618579#colourWayId-209618581
208776702,ASOS DESIGN tassel loafers in tan leather,ASOS DESIGN,Men's Shoes,4209,69.99,,https://images.asos-media.com/products/asos-design-tassel-loafers-in-tan-leather/208776702-1-tan,https://www.asos.comasos-design/asos-design-tassel-loafers-in-tan-leather/prd/208776702#colourWayId-208776722
209338318,ARKET seamless leggings in black - part of a set,Arket,Women's Pants,2640,51.0,,https://images.asos-media.com/products/arket-seamless-leggings-in-black-part-of-a-set/209338318-1-black,https://www.asos.comarket/arket-seamless-leggings-in-black-part-of-a-set/prd/209338318#colourWayId-209338331
209338733,ARKET wool tailored blazer in brown,Arket,Women's Coats and Jackets,2641,231.0,,https://images.asos-media.com/products/arket-wool-tailored-blazer-in-brown/209338733-1-brown,https://www.asos.comarket/arket-wool-tailored-blazer-in-brown/prd/209338733#colourWayId-209338747
209463008,ASOS DESIGN round neck puff sleeve button through maxi dress in green,ASOS DESIGN,Women's Dresses,8799,69.99,,https://images.asos-media.com/products/asos-design-round-neck-puff-sleeve-button-through-maxi-dress-in-green/209463008-1-khaki,https://www.asos.comasos-design/asos-design-round-neck-puff-sleeve-button-through-maxi-dress-in-green/prd/209463008#colourWayId-209463032
206656956,ASOS DESIGN Kayla mix and match beach short in khaki,ASOS DESIGN,Women's Swimwear and Beachwear,2238,24.99,,https://images.asos-media.com/products/asos-design-kayla-mix-and-match-beach-short-in-khaki/206656956-1-khaki,https://www.asos.comasos-design/asos-design-kayla-mix-and-match-beach-set-in-khaki/grp/206817079#colourWayId-206656957&productId-206656956
209279613,Adore Me Marseille swimwear high waist bikini bottom in animal brown,Adore Me,Women's Swimwear and Beachwear,2238,14.95,,https://images.asos-media.com/products/adore-me-marseille-swimwear-high-waist-bikini-bottom-in-animal-brown/209279613-1-animalbrown,https://www.asos.comadore-me/adore-me-marseille-swimwear-high-waist-bikini-bottom-in-animal-brown/prd/209279613#colourWayId-209279623
208124737,Esmee Curve Exclusive tie front detail beach crop top in leopard - part of a set,Esmee Curve,Women's Swimwear and Beachwear,2238,42.0,,https://images.asos-media.com/products/esmee-curve-exclusive-tie-front-detail-beach-crop-top-in-leopard-part-of-a-set/208124737-1-leopard,https://www.asos.comesmee-curve/esmee-curve-exclusive-tie-front-detail-beach-crop-top-in-leopard-part-of-a-set/prd/208124737#colourWayId-208124745
209045340,Threadbare faux fur shearling vest in tan,Threadbare,Women's Coats and Jackets,2641,51.0,,https://images.asos-media.com/products/threadbare-faux-fur-shearling-vest-in-tan/209045340-1-tan,https://www.asos.comthreadbare/threadbare-faux-fur-shearling-vest-in-tan/prd/209045340#colourWayId-209045343
207151517,ASOS DESIGN Curve supersoft leggings in cotton modal,ASOS Curve,Women's Pants,2640,21.0,,https://images.asos-media.com/products/asos-design-curve-supersoft-leggings-in-cotton-modal/207151517-1-black,https://www.asos.comasos-curve/asos-design-curve-supersoft-leggings-in-cotton-modal/prd/207151517#colourWayId-207151518
208966554,schuh Declan Cheslea boots in chocolate,Schuh,Men's Shoes,4209,87.0,,https://images.asos-media.com/products/schuh-declan-cheslea-boots-in-chocolate/208966554-1-brownpu,https://www.asos.comschuh/schuh-declan-cheslea-boots-in-chocolate/prd/208966554#colourWayId-208966562
208260720,Calvin Klein Jeans lace up suede shoes in navy,Calvin Klein Jeans,Men's Shoes,4209,188.0,,https://images.asos-media.com/products/calvin-klein-jeans-lace-up-suede-shoes-in-navy/208260720-1-calvinnavybright,https://www.asos.comcalvin-klein-jeans/calvin-klein-jeans-lace-up-suede-shoes-in-navy/prd/208260720#colourWayId-208260736
208898183,ASOS DESIGN tailored extreme flare pants in taupe - part of a set,ASOS DESIGN,Women's Pants,2640,49.99,,https://images.asos-media.com/products/asos-design-tailored-extreme-flare-pants-in-taupe-part-of-a-set/208898183-1-taupe,https://www.asos.comasos-design/asos-design-tailored-extreme-flare-pants-in-taupe-part-of-a-set/prd/208898183#colourWayId-208898185
209027620,ARKET denim pants with deep turn-up in clean midwash blue,Arket,Women's Pants,2640,124.0,,https://images.asos-media.com/products/arket-denim-pants-with-deep-turn-up-in-clean-midwash-blue/209027620-1-midwashblue,https://www.asos.comarket/arket-denim-pants-with-deep-turn-up-in-clean-midwash-blue/prd/209027620#colourWayId-209027628
208888086,ASOS DESIGN pull on straight leg cord pants in burgundy,ASOS DESIGN,Women's Pants,2640,39.99,,https://images.asos-media.com/products/asos-design-pull-on-straight-leg-cord-pants-in-burgundy/208888086-1-burgundy,https://www.asos.comasos-design/asos-design-pull-on-straight-leg-cord-pants-in-burgundy/prd/208888086#colourWayId-208888091
209279079,Adore Me Lianne swimwear hipster bikini bottom in black,Adore Me,Women's Swimwear and Beachwear,2238,14.95,,https://images.asos-media.com/products/adore-me-lianne-swimwear-hipster-bikini-bottom-in-black/209279079-1-black,https://www.asos.comadore-me/adore-me-lianne-swimwear-hipster-bikini-bottom-in-black/prd/209279079#colourWayId-209279080
206817079,ASOS DESIGN Kayla mix and match beach set in khaki,ASOS DESIGN,Women's Swimwear and Beachwear,2238,59.98,,https://images.asos-media.com/products/asos-design-kayla-mix-and-match-beach-set-in-khaki/206420398-2,https://www.asos.comasos-design/asos-design-kayla-mix-and-match-beach-set-in-khaki/grp/206817079
208966973,Mamalicious Maternity soft jersey wide leg pants in black and white stripe - part of a set,Mama.licious,Women's Pants,2640,63.0,,https://images.asos-media.com/products/mamalicious-maternity-soft-jersey-wide-leg-pants-in-black-and-white-stripe-part-of-a-set/208966973-1-blackwhite,https://www.asos.commamalicious/mamalicious-maternity-soft-jersey-wide-leg-pants-in-black-and-white-stripe-part-of-a-set/prd/208966973#colourWayId-208966977
208947173,Tommy Hilfiger leather suede comfort lace up boots in brown,Tommy Hilfiger,Men's Shoes,4209,159.9,,https://images.asos-media.com/products/tommy-hilfiger-leather-suede-comfort-lace-up-boots-in-brown/208947173-1-brown,https://www.asos.comtommy-hilfiger/tommy-hilfiger-leather-suede-comfort-lace-up-boots-in-brown/prd/208947173#colourWayId-208947174
208361192,Walk London Dalston Penny loafers in black embossed leather,WALK LONDON,Men's Shoes,4209,202.0,,https://images.asos-media.com/products/walk-london-dalston-penny-loafers-in-black-embossed-leather/208361192-1-black,https://www.asos.comwalk-london/walk-london-dalston-penny-loafers-in-black-embossed-leather/prd/208361192#colourWayId-208361193
208715067,ONLY slouchy teddy jacket in white,ONLY,Women's Coats and Jackets,2641,99.0,,https://images.asos-media.com/products/only-slouchy-teddy-jacket-in-white/208715067-1-white,https://www.asos.comonly/only-slouchy-teddy-jacket-in-white/prd/208715067#colourWayId-208715075
209278021,Adore Me Melony swimwear one-piece swimsuit in black,Adore Me,Women's Swimwear and Beachwear,2238,59.95,,https://images.asos-media.com/products/adore-me-melony-swimwear-one-piece-swimsuit-in-black/209278021-1-black,https://www.asos.comadore-me/adore-me-melony-swimwear-one-piece-swimsuit-in-black/prd/209278021#colourWayId-209278022
209347263,ASOS DESIGN poplin crew neck sculpted mini dress with volume sleeves in gray pinstripes,ASOS DESIGN,Women's Dresses,8799,49.99,,https://images.asos-media.com/products/asos-design-poplin-crew-neck-sculpted-mini-dress-with-volume-sleeves-in-gray-pinstripes/209347263-1-greypinstripe,https://www.asos.comasos-design/asos-design-poplin-crew-neck-sculpted-mini-dress-with-volume-sleeves-in-gray-pinstripes/prd/209347263#colourWayId-209347273
208120724,Vans Classic slip on checkerboard sneakers in red,Vans,Men's Shoes,4209,60.0,,https://images.asos-media.com/products/vans-classic-slip-on-checkerboard-sneakers-in-red/208120724-1-red,https://www.asos.comvans/vans-classic-slip-on-checkerboard-sneakers-in-red/prd/208120724#colourWayId-208120729
208057288,Topshop longline oversized aviator borg coat in chocolate,Topshop,Women's Coats and Jackets,2641,189.0,,https://images.asos-media.com/products/topshop-longline-oversized-aviator-borg-coat-in-chocolate/208057288-1-tanchoc,https://www.asos.comtopshop/topshop-longline-oversized-aviator-borg-coat-in-chocolate/prd/208057288#colourWayId-208057289
209278996,Adore Me Madelaine swimwear high-waisted bikini bottom in black,Adore Me,Women's Swimwear and Beachwear,2238,14.95,,https://images.asos-media.com/products/adore-me-madelaine-swimwear-high-waisted-bikini-bottom-in-black/209278996-1-black,https://www.asos.comadore-me/adore-me-madelaine-swimwear-high-waisted-bikini-bottom-in-black/prd/209278996#colourWayId-209278998
209463559,ASOS DESIGN lace trim satin slip maxi dress in navy,ASOS DESIGN,Women's Dresses,8799,69.99,,https://images.asos-media.com/products/asos-design-lace-trim-satin-slip-maxi-dress-in-navy/209463559-1-navy,https://www.asos.comasos-design/asos-design-lace-trim-satin-slip-maxi-dress-in-navy/prd/209463559#colourWayId-209463560
209226186,Adore Me Demi swimwear bra in black,Adore Me,Women's Swimwear and Beachwear,2238,39.95,,https://images.asos-media.com/products/adore-me-demi-swimwear-bra-in-black/209226186-1-black,https://www.asos.comadore-me/adore-me-demi-swimwear-bra-in-black/prd/209226186#colourWayId-209226188
207314147,Iisla & Bird double tie beach vest in olive green - part of a set,Iisla & Bird,Women's Swimwear and Beachwear,2238,52.0,,https://images.asos-media.com/products/iisla-bird-double-tie-beach-vest-in-olive-green-part-of-a-set/207314147-1-green,https://www.asos.comiisla-bird/iisla-bird-double-tie-beach-vest-in-olive-green-part-of-a-set/prd/207314147#colourWayId-207314157
209338453,ARKET sporty nylon jacket with zip front in black,Arket,Women's Coats and Jackets,2641,159.0,,https://images.asos-media.com/products/arket-sporty-nylon-jacket-with-zip-front-in-black/209338453-1-black,https://www.asos.comarket/arket-sporty-nylon-jacket-with-zip-front-in-black/prd/209338453#colourWayId-209338460
208369661,Topshop twill bomber with faux fur collar with wool in brown,Topshop,Women's Coats and Jackets,2641,139.0,,https://images.asos-media.com/products/topshop-twill-bomber-with-faux-fur-collar-with-wool-in-brown/208369661-1-brown,https://www.asos.comtopshop/topshop-twill-bomber-with-faux-fur-collar-with-wool-in-brown/prd/208369661#colourWayId-208369662
209197320,Pieces wide leg dad pants with belt loops in chocolate brown - part of a set,Pieces,Women's Pants,2640,63.0,,https://images.asos-media.com/products/pieces-wide-leg-dad-pants-with-belt-loops-in-chocolate-brown-part-of-a-set/209197320-1-hotfudge,https://www.asos.compieces/pieces-oversized-tailored-blazer-and-pants-suit-set-in-chocolate-brown/grp/209711629#colourWayId-209197327&productId-209197320
209338476,ARKET oversized faux shearling jacket in light beige with brown contrast edging,Arket,Women's Coats and Jackets,2641,275.0,,https://images.asos-media.com/products/arket-oversized-faux-shearling-jacket-in-light-beige-with-brown-contrast-edging/209338476-1-beige,https://www.asos.comarket/arket-oversized-faux-shearling-jacket-in-light-beige-with-brown-contrast-edging/prd/209338476#colourWayId-209338481
23560886,Rip Curl Leliani high leg bikini bottom in reversible rib & multi tropical print,Ripcurl,Women's Swimwear and Beachwear,2238,43.0,,https://images.asos-media.com/products/rip-curl-leliani-high-leg-bikini-bottom-in-reversible-rib-multi-tropical-print/23560886-1-multi,https://www.asos.comripcurl/rip-curl-leliani-high-leg-bikini-bottom-in-reversible-rib-multi-tropical-print/prd/23560886#colourWayId-60493790
208715037,ONLY slouchy teddy jacket in light brown,ONLY,Women's Coats and Jackets,2641,99.0,,https://images.asos-media.com/products/only-slouchy-teddy-jacket-in-light-brown/208715037-1-brown,https://www.asos.comonly/only-slouchy-teddy-jacket-in-light-brown/prd/208715037#colourWayId-208715049
209436881,ARKET wool maxi belted trench coat with side splits in burgundy plum,Arket,Women's Coats and Jackets,2641,391.0,,https://images.asos-media.com/products/arket-wool-maxi-belted-trench-coat-with-side-splits-in-burgundy-plum/209436881-1-burgundyplum,https://www.asos.comarket/arket-wool-maxi-belted-trench-coat-with-side-splits-in-burgundy-plum/prd/209436881#colourWayId-209436895
208917995,ASOS LUXE Curve tailored pants with pearl embellishment in burgundy - part of a set,ASOS LUXE,Women's Pants,2640,90.0,,https://images.asos-media.com/products/asos-luxe-curve-tailored-pants-with-pearl-embellishment-in-burgundy-part-of-a-set/208917995-1-burgundy,https://www.asos.comasos-luxe/asos-luxe-curve-pearl-embellished-velvet-blazer-and-tailored-pants-in-burgundy/grp/209468215#colourWayId-208918014&productId-208917995
208778188,ASOS DESIGN lace up chukka boots in black,ASOS DESIGN,Men's Shoes,4209,49.99,,https://images.asos-media.com/products/asos-design-lace-up-chukka-boots-in-black/208778188-1-black,https://www.asos.comasos-design/asos-design-lace-up-chukka-boots-in-black/prd/208778188#colourWayId-208778193
208696103,Noisy May denim shacket in gray denim,Noisy May,Women's Coats and Jackets,2641,65.0,,https://images.asos-media.com/products/noisy-may-denim-shacket-in-gray-denim/208696103-1-mediumgreydenim,https://www.asos.comnoisy-may/noisy-may-denim-shacket-in-gray-denim/prd/208696103#colourWayId-208696109
209226004,Adore Me Tatiana swimwear high waist bikini bottoms in black,Adore Me,Women's Swimwear and Beachwear,2238,14.95,,https://images.asos-media.com/products/adore-me-tatiana-swimwear-high-waist-bikini-bottoms-in-black/209226004-1-black,https://www.asos.comadore-me/adore-me-tatiana-swimwear-high-waist-bikini-bottoms-in-black/prd/209226004#colourWayId-209226020
208770083,MONTCE kaia one-piece in camo,MONTCE,Women's Swimwear and Beachwear,2238,198.0,,https://images.asos-media.com/products/montce-kaia-one-piece-in-camo/208770083-1-camo,https://www.asos.commontce/montce-kaia-one-piece-in-camo/prd/208770083#colourWayId-208770084
209205295,Topshop deep plunge ruffle maxi gown in black,Topshop,Women's Dresses,8799,149.0,,https://images.asos-media.com/products/topshop-deep-plunge-ruffle-maxi-gown-in-black/209205295-1-black,https://www.asos.comtopshop/topshop-deep-plunge-ruffle-maxi-gown-in-black/prd/209205295#colourWayId-209205302
208787935,SEQWL faux fur lined ruched moccasins in chocolate,SEQWL,Men's Shoes,4209,42.0,,https://images.asos-media.com/products/seqwl-faux-fur-lined-ruched-moccasins-in-chocolate/208787935-1-choc,https://www.asos.comseqwl/seqwl-faux-fur-lined-ruched-moccasins-in-chocolate/prd/208787935#colourWayId-208787939
209256890,ASOS DESIGN slinky cap sleeve maxi dress with seam detail in brown,ASOS DESIGN,Women's Dresses,8799,52.99,,https://images.asos-media.com/products/asos-design-slinky-cap-sleeve-maxi-dress-with-seam-detail-in-brown/209256890-1-brown,https://www.asos.comasos-design/asos-design-slinky-cap-sleeve-maxi-dress-with-seam-detail-in-brown/prd/209256890#colourWayId-209256898
208603290,South Beach pleated bikini in cream,South Beach,Women's Swimwear and Beachwear,2238,48.0,0.8,https://images.asos-media.com/products/south-beach-pleated-bikini-in-cream/207776711-4,https://www.asos.comsouth-beach/south-beach-pleated-bikini-in-cream/grp/208603290#colourWayId-207776712
208224606,ASOS DESIGN penny loafers in tan leather,ASOS DESIGN,Men's Shoes,4209,69.99,,https://images.asos-media.com/products/asos-design-penny-loafers-in-tan-leather/208224606-1-tan,https://www.asos.comasos-design/asos-design-penny-loafers-in-tan-leather/prd/208224606#colourWayId-208224611
209100021,ASOS DESIGN Curve denim funnel neck jacket in burgundy - part of a set,ASOS Curve,Women's Coats and Jackets,2641,80.0,,https://images.asos-media.com/products/asos-design-curve-denim-funnel-neck-jacket-in-burgundy-part-of-a-set/209100021-1-burgundy,https://www.asos.comasos-curve/asos-design-curve-barrel-jeans-jacket-set-in-burgundy/grp/209271419#colourWayId-209100033&productId-209100021
209485512,Topshop cinch waist polo maxi dress in gray,Topshop,Women's Dresses,8799,75.0,,https://images.asos-media.com/products/topshop-cinch-waist-polo-maxi-dress-in-gray/209485512-1-grey,https://www.asos.comtopshop/topshop-cinch-waist-polo-maxi-dress-in-gray/prd/209485512#colourWayId-209485513
209281135,Nobody's Child v-neck long sleeve midi dress in burgundy,Nobody's Child,Women's Dresses,8799,137.0,,https://images.asos-media.com/products/nobodys-child-v-neck-long-sleeve-midi-dress-in-burgundy/209281135-1-burgundy,https://www.asos.comnobodys-child/nobodys-child-v-neck-long-sleeve-midi-dress-in-burgundy/prd/209281135#colourWayId-209281151
209001678,ASOS DESIGN textured halter maxi dress in khaki,ASOS DESIGN,Women's Dresses,8799,64.99,,https://images.asos-media.com/products/asos-design-textured-halter-maxi-dress-in-khaki/209001678-1-khaki,https://www.asos.comasos-design/asos-design-textured-halter-maxi-dress-in-khaki/prd/209001678#colourWayId-209001688
209280881,Object wide leg tailored pants in gray melange - part of a set,Object,Women's Pants,2640,99.0,,https://images.asos-media.com/products/object-wide-leg-tailored-pants-in-gray-melange-part-of-a-set/209280881-1-mediumgreymelange,https://www.asos.comobject/object-wide-leg-tailored-pants-in-gray-melange-part-of-a-set/prd/209280881#colourWayId-209280885
209485586,Topshop ribbed wide leg pants in beige,Topshop,Women's Pants,2640,60.0,,https://images.asos-media.com/products/topshop-ribbed-wide-leg-pants-in-beige/209485586-1-beige,https://www.asos.comtopshop/topshop-ribbed-wide-leg-pants-in-beige/prd/209485586#colourWayId-209485591
209461784,ONLY wide leg tailored pants in black,ONLY,Women's Pants,2640,45.0,,https://images.asos-media.com/products/only-wide-leg-tailored-pants-in-black/209461784-1-black,https://www.asos.comonly/only-wide-leg-tailored-pants-in-black/prd/209461784#colourWayId-209461785
208898537,ASOS DESIGN Curve tailored cropped pants with tab waist detail in black,ASOS DESIGN,Women's Pants,2640,42.99,,https://images.asos-media.com/products/asos-design-curve-tailored-cropped-pants-with-tab-waist-detail-in-black/208898537-1-black,https://www.asos.comasos-design/asos-design-curve-tailored-cropped-pants-with-tab-waist-detail-in-black/prd/208898537#colourWayId-208898541
208492175,River Island paneled jacket in medium denim - part of a set,River Island,Women's Coats and Jackets,2641,85.0,,https://images.asos-media.com/products/river-island-paneled-jacket-in-medium-denim-part-of-a-set/208492175-1-denimmedium,https://www.asos.comriver-island/river-island-paneled-set-in-medium-denim/grp/209698232#colourWayId-208492178&productId-208492175
208694142,Miss Selfridge puff sleeve denim mini dress in indigo,Miss Selfridge,Women's Dresses,8799,74.99,,https://images.asos-media.com/products/miss-selfridge-puff-sleeve-denim-mini-dress-in-indigo/208694142-1-indigo,https://www.asos.commiss-selfridge/miss-selfridge-puff-sleeve-denim-mini-dress-in-indigo/prd/208694142#colourWayId-208694144
207729972,Calvin Klein strappy bikini bottoms in black,Calvin Klein,Women's Swimwear and Beachwear,2238,63.0,,https://images.asos-media.com/products/calvin-klein-strappy-bikini-bottoms-in-black/207729972-1-pvhblack,https://www.asos.comcalvin-klein/calvin-klein-strappy-bikini-in-black/grp/208815839#colourWayId-207730090&productId-207729972
208699646,ASOS DESIGN chunky lace up shoes in black with brogue detailing,ASOS DESIGN,Men's Shoes,4209,69.99,,https://images.asos-media.com/products/asos-design-chunky-lace-up-shoes-in-black-with-brogue-detailing/208699646-1-black,https://www.asos.comasos-design/asos-design-chunky-lace-up-shoes-in-black-with-brogue-detailing/prd/208699646#colourWayId-208699647
207314272,Iisla & Bird skinny waistband beach pants in olive green - part of a set,Iisla & Bird,Women's Swimwear and Beachwear,2238,52.0,,https://images.asos-media.com/products/iisla-bird-skinny-waistband-beach-pants-in-olive-green-part-of-a-set/207314272-1-green,https://www.asos.comiisla-bird/iisla-bird-skinny-waistband-beach-pants-in-olive-green-part-of-a-set/prd/207314272#colourWayId-207314274
208057270,Topshop longline oversized aviator teddy coat in black,Topshop,Women's Coats and Jackets,2641,189.0,,https://images.asos-media.com/products/topshop-longline-oversized-aviator-teddy-coat-in-black/208057270-1-blackblack,https://www.asos.comtopshop/topshop-longline-oversized-aviator-teddy-coat-in-black/prd/208057270#colourWayId-208057271
209413338,Motel Tova tie tailored pants in black,Motel,Women's Pants,2640,84.0,,https://images.asos-media.com/products/motel-tova-tie-tailored-pants-in-black/209413338-1-black,https://www.asos.commotel/motel-tova-tie-tailored-pants-in-black/prd/209413338#colourWayId-209413341
207949746,adidas Originals Gazelle Indoor sneakers in green and white,adidas Originals,Men's Shoes,4209,120.0,,https://images.asos-media.com/products/adidas-originals-gazelle-indoor-sneakers-in-green-and-white/207949746-1-midgreen,https://www.asos.comadidas-originals/adidas-originals-gazelle-indoor-sneakers-in-green-and-white/prd/207949746#colourWayId-207949749
209197349,Pieces Curve tailored pants in burgundy pinstripe - part of a set,Pieces Plus,Women's Pants,2640,63.0,,https://images.asos-media.com/products/pieces-curve-tailored-pants-in-burgundy-pinstripe-part-of-a-set/209197349-1-tawnyportpinstripe,https://www.asos.compieces-plus/pieces-curve-tailored-pants-in-burgundy-pinstripe-part-of-a-set/prd/209197349#colourWayId-209197353
206656950,ASOS DESIGN Kayla mix and match beach wide leg pants in khaki,ASOS DESIGN,Women's Swimwear and Beachwear,2238,39.99,,https://images.asos-media.com/products/asos-design-kayla-mix-and-match-beach-wide-leg-pants-in-khaki/206656950-1-khaki,https://www.asos.comasos-design/asos-design-kayla-mix-and-match-beach-set-in-khaki/grp/206817079#colourWayId-206656951&productId-206656950
209239030,ASOS DESIGN tie waist slinky kick flare pants in chocolate,ASOS DESIGN,Women's Pants,2640,34.99,,https://images.asos-media.com/products/asos-design-tie-waist-slinky-kick-flare-pants-in-chocolate/209239030-1-chocolate,https://www.asos.comasos-design/asos-design-tie-waist-slinky-kick-flare-pants-in-chocolate/prd/209239030#colourWayId-209239035
